Vitalli Imóveis http://vitalliimoveis.com/wp-content/themes/refs/logo-vitalli-imobiliaria-araraquara.png
Criarte Blogs http://criarteblogs.com.br/blog/wp-content/uploads/2017/08/criarteblogs-logo.png
Vitalli http://vitalliimoveis.com/wp-content/themes/refs/logo-vitalli-imobiliaria-araraquara.png
Pinte pinturas http://www.pintepinturas.com.br/wp-content/themes/refstecnologia/images/btn-orcamento.png
Totem Equipamentos http://totemequipamentos.com.br/wp-content/themes/totem/assets/img/logo-footer.png
Imovel do Seu Sonho http://www.imoveldoseusonho.com.br/wp-content/uploads/2016/09/logo-imovel-do-seus-sonhos.png
EndoGroup http://www.endogroup.com.br/wp-content/themes/endogroup/assets/img/endogroup-logo.png
Vivendo de Freela http://www.vivendodefreela.com.br/wp-content/uploads/2016/05/Vivendo-de-Freela-horizontal.png
Dona Inês http://www.donaines.com.br/wp-content/uploads/2015/08/confeitaria-dona-ines-porto-alegre.png
DT Coach http://www.dtcoach.com.br/wp-content/uploads/2017/01/dt-coach-logo.png
Climb Aircraf http://climbaircraft.com.br/wp-content/uploads/2015/05/rhc_logo_service_center.png
Quimigel http://quimigel.com.br/wp-content/themes/quimigel/assets/img/logo-quimigel.png
BC Advogados http://bc-advogados.com/wp-content/themes/bcadvogados-1-1-0/assets/img/logo-footer.png